"isin","coupon_serie_code","in_catalog"
"TRD270127T13","TP.TRD270127T13.ORAN","False"
"TRT150726K62","TP.TRT150726K62.ORAN","False"
"TRT080131K11","TP.TRT080131K11.ORAN","False"
"TRT070727K38","TP.TRT070727K38.ORAN","False"
"TRT020130K18","TP.TRT020130K18.ORAN","False"
"TRT120128K44","TP.TRT120128K44.ORAN","False"
"TRT090130K37","TP.TRT090130K37.ORAN","True"
"TRT140727K54","TP.TRT140727K54.ORAN","False"
"TRT100129K37","TP.TRT100129K37.ORAN","False"
"TRT090130T12","TP.TRT090130T12.ORAN","False"
"TRT080726K46","TP.TRT080726K46.ORAN","False"
"TRD060127K17","TP.TRD060127K17.ORAN","True"
"TRT060127K35","TP.TRT060127K35.ORAN","False"
"TRD151227A15","TP.TRD151227A15.ORAN","False"
"TRT150726K70","TP.TRT150726K70.ORAN","False"
"TRD080726K10","TP.TRD080726K10.ORAN","False"
"TRD171127T13","TP.TRD171127T13.ORAN","True"
"TRT210826F11","TP.TRT210826F11.ORAN","False"
"TRD191127F17","TP.TRD191127F17.ORAN","False"
"TRT191127F19","TP.TRT191127F19.ORAN","False"
"TRD200526K16","TP.TRD200526K16.ORAN","False"
"TRT190826K75","TP.TRT190826K75.ORAN","False"
"TRT150328K64","TP.TRT150328K64.ORAN","False"
"TRT180827K67","TP.TRT180827K67.ORAN","False"
"TRT180326K89","TP.TRT180326K89.ORAN","False"
"TRT170327K89","TP.TRT170327K89.ORAN","False"
"TRD161226K47","TP.TRD161226K47.ORAN","False"
"TRT090130A13","TP.TRT090130A13.ORAN","True"
"TRT060127T10","TP.TRT060127T10.ORAN","False"
"TRT140727K62","TP.TRT140727K62.ORAN","False"
"TRD151227K21","TP.TRD151227K21.ORAN","False"
"TRD171127A14","TP.TRD171127A14.ORAN","False"
"TRD171127K12","TP.TRD171127K12.ORAN","False"
"TRD190527K18","TP.TRD190527K18.ORAN","False"
"TRD110827A15","TP.TRD110827A15.ORAN","False"
"TRT110729K22","TP.TRT110729K22.ORAN","False"
"TRD070427K39","TP.TRD070427K39.ORAN","False"
"TRD071026K32","TP.TRD071026K32.ORAN","False"
"TRD110827T22","TP.TRD110827T22.ORAN","False"
"TRD050128A19","TP.TRD050128A19.ORAN","False"
"TRD080927T34","TP.TRD080927T34.ORAN","False"
"TRD151227T14","TP.TRD151227T14.ORAN","False"
"TRT020130T19","TP.TRT020130T19.ORAN","False"
"TRD070727K10","TP.TRD070727K10.ORAN","False"
"TRD160627K36","TP.TRD160627K36.ORAN","False"
"TRT130127K69","TP.TRT130127K69.ORAN","True"
"TRT120728K22","TP.TRT120728K22.ORAN","False"
"TRT050128K27","TP.TRT050128K27.ORAN","False"
"TRT270127T15","TP.TRT270127T15.ORAN","False"
"TRT110729K30","TP.TRT110729K30.ORAN","False"
"TRT100129K29","TP.TRT100129K29.ORAN","False"
"TRT020130T27","TP.TRT020130T27.ORAN","False"
"TRT090130T20","TP.TRT090130T20.ORAN","False"
"TRT080131T12","TP.TRT080131T12.ORAN","True"
"TRT040729K21","TP.TRT040729K21.ORAN","False"
"TRT030129K28","TP.TRT030129K28.ORAN","True"
"TRT020130A10","TP.TRT020130A10.ORAN","True"
"TRD170626K44","TP.TRD170626K44.ORAN","False"
"TRT050728K21","TP.TRT050728K21.ORAN","True"
"TRD151227T22","TP.TRD151227T22.ORAN","False"
"TRD050128K17","TP.TRD050128K17.ORAN","True"
"TRT130127K77","TP.TRT130127K77.ORAN","False"
"TRT100730K20","TP.TRT100730K20.ORAN","True"
"TRT080131A13","TP.TRT080131A13.ORAN","False"
"TRD181126K12","TP.TRD181126K12.ORAN","False"
"TRT120728K30","TP.TRT120728K30.ORAN","False"
"TRD050128T18","TP.TRD050128T18.ORAN","False"
"TRT090130K29","TP.TRT090130K29.ORAN","False"
"TRT140830K25","TP.TRT140830K25.ORAN","True"
"TRT080131T20","TP.TRT080131T20.ORAN","False"
"TRD100227K36","TP.TRD100227K36.ORAN","False"
"TRD050128T26","TP.TRD050128T26.ORAN","False"
"TRT110832A10","TP.TRT110832A10.ORAN","False"
"TRT131027T44","TP.TRT131027T44.ORAN","False"
"TRT120929K45","TP.TRT120929K45.ORAN","True"
"TRT130928K60","TP.TRT130928K60.ORAN","False"
"TRT100332K30","TP.TRT100332K30.ORAN","False"
"TRT100931K35","TP.TRT100931K35.ORAN","True"
"TRT070933K20","TP.TRT070933K20.ORAN","True"
"TRT130330K47","TP.TRT130330K47.ORAN","True"
"TRT110930T28","TP.TRT110930T28.ORAN","False"
"TRT110930K43","TP.TRT110930K43.ORAN","False"
"TRT140427K40","TP.TRT140427K40.ORAN","True"
"TRT050935T13","TP.TRT050935T13.ORAN","True"
"TRT131027A29","TP.TRT131027A29.ORAN","False"
"TRT110232K22","TP.TRT110232K22.ORAN","True"
"TRT080426K56","TP.TRT080426K56.ORAN","False"
"TRT050935T21","TP.TRT050935T21.ORAN","True"
"TRT130928K78","TP.TRT130928K78.ORAN","False"
"TRT131027K43","TP.TRT131027K43.ORAN","False"
"TRT120929K52","TP.TRT120929K52.ORAN","False"
"TRT090333K24","TP.TRT090333K24.ORAN","True"
"TRT060934K12","TP.TRT060934K12.ORAN","True"
"TRT140229K32","TP.TRT140229K32.ORAN","False"
"TRT110930T10","TP.TRT110930T10.ORAN","True"
"TRT070335K16","TP.TRT070335K16.ORAN","True"
"TRT080334K16","TP.TRT080334K16.ORAN","False"
"TRT070427K31","TP.TRT070427K31.ORAN","False"
"TRT130831K25","TP.TRT130831K25.ORAN","True"
"TRT071026K34","TP.TRT071026K34.ORAN","True"
"TRT110832T19","TP.TRT110832T19.ORAN","False"
"TRT080932K20","TP.TRT080932K20.ORAN","True"
"TRT061027K34","TP.TRT061027K34.ORAN","True"
"TRT110930K35","TP.TRT110930K35.ORAN","False"
"TRT110832T27","TP.TRT110832T27.ORAN","False"
"TRT021030T18","TP.TRT021030T18.ORAN","False"
"TRT050428K32","TP.TRT050428K32.ORAN","False"
"TRT150927K85","TP.TRT150927K85.ORAN","True"
"TRT150927K77","TP.TRT150927K77.ORAN","False"
"TRT050935A14","TP.TRT050935A14.ORAN","True"
"TRT180226K98","TP.TRT180226K98.ORAN","False"
"TRT150829K27","TP.TRT150829K27.ORAN","True"
"TRT160926K93","TP.TRT160926K93.ORAN","False"
"TRT160926K85","TP.TRT160926K85.ORAN","False"
"TRT160228K56","TP.TRT160228K56.ORAN","False"
"TRT150328K72","TP.TRT150328K72.ORAN","False"
"TRD210826F19","TP.TRD210826F19.ORAN","False"
"TRT150426K57","TP.TRT150426K57.ORAN","False"
"TRT180326K97","TP.TRT180326K97.ORAN","False"
"TRT160828K35","TP.TRT160828K35.ORAN","False"
"TRD171127T21","TP.TRD171127T21.ORAN","False"
"TRT141026K50","TP.TRT141026K50.ORAN","False"
"TRT021030K25","TP.TRT021030K25.ORAN","False"
"TRT130230K22","TP.TRT130230K22.ORAN","False"
"TRT040429K32","TP.TRT040429K32.ORAN","False"
"TRT120231K22","TP.TRT120231K22.ORAN","True"
"TRT110930A11","TP.TRT110930A11.ORAN","True"
"TRT050935K12","TP.TRT050935K12.ORAN","True"
"TRT110832K18","TP.TRT110832K18.ORAN","True"
"TRT131027T36","TP.TRT131027T36.ORAN","False"
"TRT130330K39","TP.TRT130330K39.ORAN","False"
"TRT120331K39","TP.TRT120331K39.ORAN","True"
"TRT140329K56","TP.TRT140329K56.ORAN","False"
"TRT140329K64","TP.TRT140329K64.ORAN","True"
"TRT041028K35","TP.TRT041028K35.ORAN","False"
"TRT170327K97","TP.TRT170327K97.ORAN","False"
"TRT021030A19","TP.TRT021030A19.ORAN","True"
"TRT021030T26","TP.TRT021030T26.ORAN","False"
"TRD161226K54","TP.TRD161226K54.ORAN","False"
"TRT030430K22","TP.TRT030430K22.ORAN","False"
"TRT170227K64","TP.TRT170227K64.ORAN","False"
"TRT031029K35","TP.TRT031029K35.ORAN","False"
"TRT170327KA9","TP.TRT170327KA9.ORAN","False"
"TRT160431T35","TP.TRT160431T35.ORAN","False"
"TRT160926KA0","TP.TRT160926KA0.ORAN","False"
"TRT190428K44","TP.TRT190428K44.ORAN","False"
"TRT181028K47","TP.TRT181028K47.ORAN","False"
"TRT150328T16","TP.TRT150328T16.ORAN","False"
"TRT150927K93","TP.TRT150927K93.ORAN","False"
"TRB170626T13","TP.TRB170626T13.ORAN","False"
"TRD080927K25","TP.TRD080927K25.ORAN","False"
"TRT150328K80","TP.TRT150328K80.ORAN","True"
"TRT150328T24","TP.TRT150328T24.ORAN","False"
"TRD150328T14","TP.TRD150328T14.ORAN","False"
"TRT150328T32","TP.TRT150328T32.ORAN","False"
"TRT171029K39","TP.TRT171029K39.ORAN","False"
"TRD061027A26","TP.TRD061027A26.ORAN","False"
"TRT030327F17","TP.TRT030327F17.ORAN","False"
"TRM070426T14","TP.TRM070426T14.ORAN","False"
"TRM080426T13","TP.TRM080426T13.ORAN","False"
"TRD100327K27","TP.TRD100327K27.ORAN","False"
"TRD110827T14","TP.TRD110827T14.ORAN","False"
"TRT160431K34","TP.TRT160431K34.ORAN","False"
"TRD090627F16","TP.TRD090627F16.ORAN","False"
"TRD080927A27","TP.TRD080927A27.ORAN","False"
"TRT201027K51","TP.TRT201027K51.ORAN","True"
"TRT150328A17","TP.TRT150328A17.ORAN","False"
"TRD061027K24","TP.TRD061027K24.ORAN","False"
"TRD090628T19","TP.TRD090628T19.ORAN","False"
"TRD110326K27","TP.TRD110326K27.ORAN","False"
"TRD141026K41","TP.TRD141026K41.ORAN","False"
"TRD140427K30","TP.TRD140427K30.ORAN","False"
"TRT140427F13","TP.TRT140427F13.ORAN","False"
"TRB170327T15","TP.TRB170327T15.ORAN","False"
"TRD120428T24","TP.TRD120428T24.ORAN","False"
"TRD120428T32","TP.TRD120428T32.ORAN","False"
"TRD120428K31","TP.TRD120428K31.ORAN","False"
"TRT090628T11","TP.TRT090628T11.ORAN","False"
"TRB100227T13","TP.TRB100227T13.ORAN","False"
"TRD131027K33","TP.TRD131027K33.ORAN","False"
"TRD120428A17","TP.TRD120428A17.ORAN","False"
"TRD160627A20","TP.TRD160627A20.ORAN","False"
"TRT170430K34","TP.TRT170430K34.ORAN","False"
"TRD110827K21","TP.TRD110827K21.ORAN","True"
"TRD120826K47","TP.TRD120826K47.ORAN","False"
"TRD080426K39","TP.TRD080426K39.ORAN","False"
"TRT160431A28","TP.TRT160431A28.ORAN","False"
"TRD061027T41","TP.TRD061027T41.ORAN","False"
"TRT161030K37","TP.TRT161030K37.ORAN","False"
"TRT090627F18","TP.TRT090627F18.ORAN","False"
"TRD120428T16","TP.TRD120428T16.ORAN","False"
"TRD160627K44","TP.TRD160627K44.ORAN","False"
"TRT120428T18","TP.TRT120428T18.ORAN","False"
"TRD050231K29","TP.TRD050231K29.ORAN","False"
"TRD110827K39","TP.TRD110827K39.ORAN","False"
"TRT080530K18","TP.TRT080530K18.ORAN","True"
"TRT111126K29","TP.TRT111126K29.ORAN","False"
"TRM060426T15","TP.TRM060426T15.ORAN","False"
"TRT100528K26","TP.TRT100528K26.ORAN","False"
"TRT100528F15","TP.TRT100528F15.ORAN","False"
"TRT080530A10","TP.TRT080530A10.ORAN","False"
"TRT081128K22","TP.TRT081128K22.ORAN","False"
"TRT071129K14","TP.TRT071129K14.ORAN","False"
"TRD050231A13","TP.TRD050231A13.ORAN","False"
"TRT120527K25","TP.TRT120527K25.ORAN","False"
"TRD160627T45","TP.TRD160627T45.ORAN","False"
"TRT030227F18","TP.TRT030227F18.ORAN","False"
"TRD180827T17","TP.TRD180827T17.ORAN","False"
"TRT101127K29","TP.TRT101127K29.ORAN","False"
"TRD090828K24","TP.TRD090828K24.ORAN","False"
"TRD030227F16","TP.TRD030227F16.ORAN","False"
"TRT180827T35","TP.TRT180827T35.ORAN","False"
"TRD100528F13","TP.TRD100528F13.ORAN","False"
"TRT090529K10","TP.TRT090529K10.ORAN","False"
"TRT080530T27","TP.TRT080530T27.ORAN","False"
"TRD060230K29","TP.TRD060230K29.ORAN","True"
"TRD070229K21","TP.TRD070229K21.ORAN","False"
"TRT180429K36","TP.TRT180429K36.ORAN","False"
"TRD110226K44","TP.TRD110226K44.ORAN","False"
"TRD050231T20","TP.TRD050231T20.ORAN","False"
"TRT160431T43","TP.TRT160431T43.ORAN","False"
"TRD160627T37","TP.TRD160627T37.ORAN","False"
"TRD171127T39","TP.TRD171127T39.ORAN","False"
"TRD080829K24","TP.TRD080829K24.ORAN","False"
"TRM030426T18","TP.TRM030426T18.ORAN","False"
"TRM020426T19","TP.TRM020426T19.ORAN","False"
"TRT171127T31","TP.TRT171127T31.ORAN","False"
"TRT211026K51","TP.TRT211026K51.ORAN","False"
"TRD090228K20","TP.TRD090228K20.ORAN","False"
"TRD080927T42","TP.TRD080927T42.ORAN","False"
"TRD050231T12","TP.TRD050231T12.ORAN","False"
"TRD070830K22","TP.TRD070830K22.ORAN","False"
"TRT080530T35","TP.TRT080530T35.ORAN","True"
"TRT120128K36","TP.TRT120128K36.ORAN","False"
"TRD100227K44","TP.TRD100227K44.ORAN","True"
"TRD090926K25","TP.TRD090926K25.ORAN","False"
"TRD120826K54","TP.TRD120826K54.ORAN","False"
"TRD061027T33","TP.TRD061027T33.ORAN","False"
"TRT210427K58","TP.TRT210427K58.ORAN","False"
"TRT270934T18","TP.TRT270934T18.ORAN","True"
"TRT270934T26","TP.TRT270934T26.ORAN","True"
"TRT270934A19","TP.TRT270934A19.ORAN","True"
"TRT270934K17","TP.TRT270934K17.ORAN","True"
"TRT290334K11","TP.TRT290334K11.ORAN","False"
"TRT051033T12","TP.TRT051033T12.ORAN","False"
"TRT051033T20","TP.TRT051033T20.ORAN","False"
"TRT051033A13","TP.TRT051033A13.ORAN","False"
"TRT051033K11","TP.TRT051033K11.ORAN","True"
"TRT280933K17","TP.TRT280933K17.ORAN","False"
"TRT130733T17","TP.TRT130733T17.ORAN","True"
"TRT130733T25","TP.TRT130733T25.ORAN","False"
"TRT130733A18","TP.TRT130733A18.ORAN","False"
"TRT130733K16","TP.TRT130733K16.ORAN","False"
"TRT060433K18","TP.TRT060433K18.ORAN","False"
"TRT300333K19","TP.TRT300333K19.ORAN","False"
"TRT120133K21","TP.TRT120133K21.ORAN","True"
"TRT131032T13","TP.TRT131032T13.ORAN","False"
"TRT131032T21","TP.TRT131032T21.ORAN","False"
"TRT131032A14","TP.TRT131032A14.ORAN","True"
"TRT131032K12","TP.TRT131032K12.ORAN","False"
"TRT061032K11","TP.TRT061032K11.ORAN","False"
"TRT290932K17","TP.TRT290932K17.ORAN","False"
"TRT140732K24","TP.TRT140732K24.ORAN","False"
"TRT280432A15","TP.TRT280432A15.ORAN","False"
"TRT280432K13","TP.TRT280432K13.ORAN","False"
"TRT280432T14","TP.TRT280432T14.ORAN","False"
"TRT280432T22","TP.TRT280432T22.ORAN","True"
"TRT140432K19","TP.TRT140432K19.ORAN","False"
"TRT070432K18","TP.TRT070432K18.ORAN","False"
"TRT310332K19","TP.TRT310332K19.ORAN","True"
"TRT100332A16","TP.TRT100332A16.ORAN","False"
"TRT100332K22","TP.TRT100332K22.ORAN","False"
"TRT100332T15","TP.TRT100332T15.ORAN","False"
"TRT100332T23","TP.TRT100332T23.ORAN","True"
"TRT140132K20","TP.TRT140132K20.ORAN","True"
"TRT291031K15","TP.TRT291031K15.ORAN","False"
"TRT151031K11","TP.TRT151031K11.ORAN","True"
"TRT081031K10","TP.TRT081031K10.ORAN","False"
"TRT011031K17","TP.TRT011031K17.ORAN","False"
"TRT100931K27","TP.TRT100931K27.ORAN","False"
"TRT160731K23","TP.TRT160731K23.ORAN","False"
"TRT300431K10","TP.TRT300431K10.ORAN","True"
"TRT160431K18","TP.TRT160431K18.ORAN","True"
"TRT160431T19","TP.TRT160431T19.ORAN","False"
"TRT160431T27","TP.TRT160431T27.ORAN","True"
"TRT160431A10","TP.TRT160431A10.ORAN","True"
"TRT160431K26","TP.TRT160431K26.ORAN","False"
"TRT090431K17","TP.TRT090431K17.ORAN","True"
"TRT020431K14","TP.TRT020431K14.ORAN","False"
"TRT120331K21","TP.TRT120331K21.ORAN","False"
"TRT150131K20","TP.TRT150131K20.ORAN","True"
"TRT131130A15","TP.TRT131130A15.ORAN","True"
"TRT131130K13","TP.TRT131130K13.ORAN","True"
"TRT131130T14","TP.TRT131130T14.ORAN","False"
"TRT131130T22","TP.TRT131130T22.ORAN","False"
"TRT301030K13","TP.TRT301030K13.ORAN","False"
"TRT161030K11","TP.TRT161030K11.ORAN","True"
"TRT161030K29","TP.TRT161030K29.ORAN","False"
"TRT091030K10","TP.TRT091030K10.ORAN","True"
"TRT021030K17","TP.TRT021030K17.ORAN","False"
"TRT110930K27","TP.TRT110930K27.ORAN","True"
"TRT170730K23","TP.TRT170730K23.ORAN","True"
"TRT100730A14","TP.TRT100730A14.ORAN","True"
"TRT100730K12","TP.TRT100730K12.ORAN","False"
"TRT100730T13","TP.TRT100730T13.ORAN","False"
"TRT100730T21","TP.TRT100730T21.ORAN","False"
"TRT050630T11","TP.TRT050630T11.ORAN","False"
"TRT050630T29","TP.TRT050630T29.ORAN","True"
"TRT050630A12","TP.TRT050630A12.ORAN","False"
"TRT050630K10","TP.TRT050630K10.ORAN","True"
"TRT150530K19","TP.TRT150530K19.ORAN","False"
"TRT010530K15","TP.TRT010530K15.ORAN","False"
"TRT170430K18","TP.TRT170430K18.ORAN","False"
"TRT170430K26","TP.TRT170430K26.ORAN","False"
"TRT100430K15","TP.TRT100430K15.ORAN","True"
"TRT030430K14","TP.TRT030430K14.ORAN","False"
"TRT130330K21","TP.TRT130330K21.ORAN","False"
"TRT160130K20","TP.TRT160130K20.ORAN","False"
"TRT090130K11","TP.TRT090130K11.ORAN","False"
"TRT051229K15","TP.TRT051229K15.ORAN","True"
"TRT141129K15","TP.TRT141129K15.ORAN","True"
"TRT311029K15","TP.TRT311029K15.ORAN","False"
"TRT171029K13","TP.TRT171029K13.ORAN","True"
"TRT171029K21","TP.TRT171029K21.ORAN","False"
"TRT101029K10","TP.TRT101029K10.ORAN","True"
"TRT031029T10","TP.TRT031029T10.ORAN","True"
"TRT031029T28","TP.TRT031029T28.ORAN","False"
"TRT031029A11","TP.TRT031029A11.ORAN","False"
"TRT031029K19","TP.TRT031029K19.ORAN","False"
"TRT031029K27","TP.TRT031029K27.ORAN","False"
"TRT120929T12","TP.TRT120929T12.ORAN","True"
"TRT120929T20","TP.TRT120929T20.ORAN","False"
"TRT120929A13","TP.TRT120929A13.ORAN","False"
"TRT120929K29","TP.TRT120929K29.ORAN","False"
"TRT120929K37","TP.TRT120929K37.ORAN","True"
"TRT180729K25","TP.TRT180729K25.ORAN","True"
"TRT110729K14","TP.TRT110729K14.ORAN","True"
"TRT040729A15","TP.TRT040729A15.ORAN","False"
"TRT040729K13","TP.TRT040729K13.ORAN","False"
"TRT040729T14","TP.TRT040729T14.ORAN","True"
"TRT040729T22","TP.TRT040729T22.ORAN","False"
"TRT130629A23","TP.TRT130629A23.ORAN","False"
"TRT130629K21","TP.TRT130629K21.ORAN","False"
"TRT130629T30","TP.TRT130629T30.ORAN","False"
"TRT130629T48","TP.TRT130629T48.ORAN","True"
"TRT060629K12","TP.TRT060629K12.ORAN","True"
"TRT160529K11","TP.TRT160529K11.ORAN","False"
"TRT020529K17","TP.TRT020529K17.ORAN","False"
"TRT180429K10","TP.TRT180429K10.ORAN","False"
"TRT180429K28","TP.TRT180429K28.ORAN","True"
"TRT110429K17","TP.TRT110429K17.ORAN","False"
"TRT040429K16","TP.TRT040429K16.ORAN","False"
"TRT040429K24","TP.TRT040429K24.ORAN","False"
"TRT140329K23","TP.TRT140329K23.ORAN","False"
"TRT140329K31","TP.TRT140329K31.ORAN","False"
"TRT140329K49","TP.TRT140329K49.ORAN","False"
"TRT070329A16","TP.TRT070329A16.ORAN","False"
"TRT070329K14","TP.TRT070329K14.ORAN","False"
"TRT070329T15","TP.TRT070329T15.ORAN","False"
"TRT070329T23","TP.TRT070329T23.ORAN","True"
"TRT170129K22","TP.TRT170129K22.ORAN","False"
"TRT100129K11","TP.TRT100129K11.ORAN","False"
"TRT030129K10","TP.TRT030129K10.ORAN","False"
"TRT131228K24","TP.TRT131228K24.ORAN","False"
"TRT061228K15","TP.TRT061228K15.ORAN","False"
"TRT061228A17","TP.TRT061228A17.ORAN","False"
"TRT061228K23","TP.TRT061228K23.ORAN","False"
"TRT061228T16","TP.TRT061228T16.ORAN","True"
"TRT061228T24","TP.TRT061228T24.ORAN","False"
"TRT061228K31","TP.TRT061228K31.ORAN","True"
"TRT151128K15","TP.TRT151128K15.ORAN","True"
"TRT081128T15","TP.TRT081128T15.ORAN","False"
"TRT081128T23","TP.TRT081128T23.ORAN","False"
"TRT081128A16","TP.TRT081128A16.ORAN","False"
"TRT081128K14","TP.TRT081128K14.ORAN","False"
"TRT011128K11","TP.TRT011128K11.ORAN","False"
"TRT181028K13","TP.TRT181028K13.ORAN","False"
"TRT181028K39","TP.TRT181028K39.ORAN","True"
"TRT111028K10","TP.TRT111028K10.ORAN","False"
"TRT041028K19","TP.TRT041028K19.ORAN","False"
"TRT041028K27","TP.TRT041028K27.ORAN","False"
"TRT130928A13","TP.TRT130928A13.ORAN","False"
"TRT130928K11","TP.TRT130928K11.ORAN","False"
"TRT130928T12","TP.TRT130928T12.ORAN","True"
"TRT130928T20","TP.TRT130928T20.ORAN","False"
"TRT130928K37","TP.TRT130928K37.ORAN","True"
"TRT130928K45","TP.TRT130928K45.ORAN","False"
"TRT130928K52","TP.TRT130928K52.ORAN","False"
"TRT060928T11","TP.TRT060928T11.ORAN","True"
"TRT060928T29","TP.TRT060928T29.ORAN","False"
"TRT060928A12","TP.TRT060928A12.ORAN","False"
"TRT060928K10","TP.TRT060928K10.ORAN","False"
"TRT060928K28","TP.TRT060928K28.ORAN","False"
"TRT060928K36","TP.TRT060928K36.ORAN","False"
"TRT190728T18","TP.TRT190728T18.ORAN","False"
"TRT190728T26","TP.TRT190728T26.ORAN","True"
"TRT190728A19","TP.TRT190728A19.ORAN","True"
"TRT190728K25","TP.TRT190728K25.ORAN","False"
"TRT190728K41","TP.TRT190728K41.ORAN","False"
"TRT120728K14","TP.TRT120728K14.ORAN","False"
"TRT050728K13","TP.TRT050728K13.ORAN","False"
"TRT140628K21","TP.TRT140628K21.ORAN","False"
"TRT070628K12","TP.TRT070628K12.ORAN","False"
"TRT070628K20","TP.TRT070628K20.ORAN","False"
"TRT070628K38","TP.TRT070628K38.ORAN","False"
"TRT070628K46","TP.TRT070628K46.ORAN","False"
"TRT170528K11","TP.TRT170528K11.ORAN","False"
"TRT170528T12","TP.TRT170528T12.ORAN","False"
"TRT170528T20","TP.TRT170528T20.ORAN","False"
"TRT170528A13","TP.TRT170528A13.ORAN","False"
"TRT170528K29","TP.TRT170528K29.ORAN","False"
"TRT100528K18","TP.TRT100528K18.ORAN","True"
"TRT030528K17","TP.TRT030528K17.ORAN","False"
"TRT190428K10","TP.TRT190428K10.ORAN","False"
"TRT190428K36","TP.TRT190428K36.ORAN","False"
"TRT120428K17","TP.TRT120428K17.ORAN","False"
"TRT050428K16","TP.TRT050428K16.ORAN","True"
"TRT050428K24","TP.TRT050428K24.ORAN","False"
"TRT150328K15","TP.TRT150328K15.ORAN","False"
"TRT150328K31","TP.TRT150328K31.ORAN","False"
"TRT150328K49","TP.TRT150328K49.ORAN","False"
"TRT150328K56","TP.TRT150328K56.ORAN","False"
"TRT080328A16","TP.TRT080328A16.ORAN","False"
"TRT080328K14","TP.TRT080328K14.ORAN","False"
"TRT080328T15","TP.TRT080328T15.ORAN","False"
"TRT080328T23","TP.TRT080328T23.ORAN","False"
"TRT080328K22","TP.TRT080328K22.ORAN","True"
"TRT080328K30","TP.TRT080328K30.ORAN","False"
"TRT080328K48","TP.TRT080328K48.ORAN","False"
"TRT010328T12","TP.TRT010328T12.ORAN","False"
"TRT010328T20","TP.TRT010328T20.ORAN","False"
"TRT010328A13","TP.TRT010328A13.ORAN","False"
"TRT010328K11","TP.TRT010328K11.ORAN","True"
"TRT160228T16","TP.TRT160228T16.ORAN","False"
"TRT160228T24","TP.TRT160228T24.ORAN","False"
"TRT160228A17","TP.TRT160228A17.ORAN","False"
"TRT160228K23","TP.TRT160228K23.ORAN","True"
"TRT160228K49","TP.TRT160228K49.ORAN","False"
"TRT190128K21","TP.TRT190128K21.ORAN","False"
"TRT190128K47","TP.TRT190128K47.ORAN","False"
"TRT190128T14","TP.TRT190128T14.ORAN","False"
"TRT190128T22","TP.TRT190128T22.ORAN","True"
"TRT190128A15","TP.TRT190128A15.ORAN","False"
"TRT190128K54","TP.TRT190128K54.ORAN","False"
"TRT120128K28","TP.TRT120128K28.ORAN","False"
"TRT050128K19","TP.TRT050128K19.ORAN","False"
"TRT151227K31","TP.TRT151227K31.ORAN","False"
"TRT081227K14","TP.TRT081227K14.ORAN","True"
"TRT081227K22","TP.TRT081227K22.ORAN","False"
"TRT081227K30","TP.TRT081227K30.ORAN","False"
"TRT081227K48","TP.TRT081227K48.ORAN","False"
"TRT011227K29","TP.TRT011227K29.ORAN","False"
"TRT171127A16","TP.TRT171127A16.ORAN","False"
"TRT171127K14","TP.TRT171127K14.ORAN","False"
"TRT171127K22","TP.TRT171127K22.ORAN","True"
"TRT171127T15","TP.TRT171127T15.ORAN","False"
"TRT171127T23","TP.TRT171127T23.ORAN","False"
"TRT171127K30","TP.TRT171127K30.ORAN","False"
"TRT101127K11","TP.TRT101127K11.ORAN","False"
"TRT031127K10","TP.TRT031127K10.ORAN","False"
"TRT201027K10","TP.TRT201027K10.ORAN","False"
"TRT201027K36","TP.TRT201027K36.ORAN","False"
"TRT201027K44","TP.TRT201027K44.ORAN","False"
"TRT131027T10","TP.TRT131027T10.ORAN","False"
"TRT131027T28","TP.TRT131027T28.ORAN","False"
"TRT131027A11","TP.TRT131027A11.ORAN","False"
"TRT131027K19","TP.TRT131027K19.ORAN","False"
"TRT131027K27","TP.TRT131027K27.ORAN","False"
"TRT061027K18","TP.TRT061027K18.ORAN","False"
"TRT061027K26","TP.TRT061027K26.ORAN","False"
"TRT150927K10","TP.TRT150927K10.ORAN","False"
"TRT150927T11","TP.TRT150927T11.ORAN","False"
"TRT150927T29","TP.TRT150927T29.ORAN","False"
"TRT150927A12","TP.TRT150927A12.ORAN","False"
"TRT150927K28","TP.TRT150927K28.ORAN","False"
"TRT150927K44","TP.TRT150927K44.ORAN","True"
"TRT150927K51","TP.TRT150927K51.ORAN","False"
"TRT150927K69","TP.TRT150927K69.ORAN","False"
"TRT080927K19","TP.TRT080927K19.ORAN","False"
"TRT080927K27","TP.TRT080927K27.ORAN","False"
"TRT080927K35","TP.TRT080927K35.ORAN","False"
"TRT080927K43","TP.TRT080927K43.ORAN","False"
"TRT010927K16","TP.TRT010927K16.ORAN","False"
"TRT180827K26","TP.TRT180827K26.ORAN","False"
"TRT180827K42","TP.TRT180827K42.ORAN","False"
"TRT110827A17","TP.TRT110827A17.ORAN","False"
"TRT110827K15","TP.TRT110827K15.ORAN","False"
"TRT110827T16","TP.TRT110827T16.ORAN","False"
"TRT110827T24","TP.TRT110827T24.ORAN","False"
"TRT210727K22","TP.TRT210727K22.ORAN","False"
"TRT210727K48","TP.TRT210727K48.ORAN","True"
"TRT210727K55","TP.TRT210727K55.ORAN","False"
"TRT140727K21","TP.TRT140727K21.ORAN","False"
"TRT140727A15","TP.TRT140727A15.ORAN","False"
"TRT140727K39","TP.TRT140727K39.ORAN","False"
"TRT140727K47","TP.TRT140727K47.ORAN","True"
"TRT140727T14","TP.TRT140727T14.ORAN","False"
"TRT140727T22","TP.TRT140727T22.ORAN","False"
"TRT070727A14","TP.TRT070727A14.ORAN","False"
"TRT070727K12","TP.TRT070727K12.ORAN","True"
"TRT070727T13","TP.TRT070727T13.ORAN","False"
"TRT070727T21","TP.TRT070727T21.ORAN","False"
"TRT070727K20","TP.TRT070727K20.ORAN","False"
"TRT160627T13","TP.TRT160627T13.ORAN","False"
"TRT160627T21","TP.TRT160627T21.ORAN","False"
"TRT160627A14","TP.TRT160627A14.ORAN","True"
"TRT160627K12","TP.TRT160627K12.ORAN","False"
"TRT160627K46","TP.TRT160627K46.ORAN","False"
"TRT090627A13","TP.TRT090627A13.ORAN","False"
"TRT090627K11","TP.TRT090627K11.ORAN","False"
"TRT090627T12","TP.TRT090627T12.ORAN","False"
"TRT090627T20","TP.TRT090627T20.ORAN","False"
"TRT090627K29","TP.TRT090627K29.ORAN","False"
"TRT090627K37","TP.TRT090627K37.ORAN","False"
"TRT090627K45","TP.TRT090627K45.ORAN","False"
"TRT090627K52","TP.TRT090627K52.ORAN","True"
"TRT020627K26","TP.TRT020627K26.ORAN","False"
"TRT190527K10","TP.TRT190527K10.ORAN","False"
"TRT190527K28","TP.TRT190527K28.ORAN","True"
"TRT190527K36","TP.TRT190527K36.ORAN","False"
"TRT120527K17","TP.TRT120527K17.ORAN","False"
"TRT050527T17","TP.TRT050527T17.ORAN","True"
"TRT050527T25","TP.TRT050527T25.ORAN","False"
"TRT050527K16","TP.TRT050527K16.ORAN","False"
"TRT050527A18","TP.TRT050527A18.ORAN","False"
"TRT050527K24","TP.TRT050527K24.ORAN","False"
"TRT050527A26","TP.TRT050527A26.ORAN","False"
"TRT050527K40","TP.TRT050527K40.ORAN","False"
"TRT050527T33","TP.TRT050527T33.ORAN","False"
"TRT050527T41","TP.TRT050527T41.ORAN","False"
"TRT210427K17","TP.TRT210427K17.ORAN","False"
"TRT210427K33","TP.TRT210427K33.ORAN","False"
"TRT210427K41","TP.TRT210427K41.ORAN","False"
"TRT140427K16","TP.TRT140427K16.ORAN","False"
"TRT140427K24","TP.TRT140427K24.ORAN","False"
"TRT070427K15","TP.TRT070427K15.ORAN","True"
"TRT070427K23","TP.TRT070427K23.ORAN","False"
"TRT170327K14","TP.TRT170327K14.ORAN","False"
"TRT170327K22","TP.TRT170327K22.ORAN","False"
"TRT170327K30","TP.TRT170327K30.ORAN","False"
"TRT170327K55","TP.TRT170327K55.ORAN","False"
"TRT170327K63","TP.TRT170327K63.ORAN","False"
"TRT170327K71","TP.TRT170327K71.ORAN","True"
"TRT100327K11","TP.TRT100327K11.ORAN","False"
"TRT100327K29","TP.TRT100327K29.ORAN","False"
"TRT100327K37","TP.TRT100327K37.ORAN","False"
"TRT100327K45","TP.TRT100327K45.ORAN","False"
"TRT030327K10","TP.TRT030327K10.ORAN","False"
"TRT240227A18","TP.TRT240227A18.ORAN","False"
"TRT240227K16","TP.TRT240227K16.ORAN","False"
"TRT240227T17","TP.TRT240227T17.ORAN","False"
"TRT240227T25","TP.TRT240227T25.ORAN","False"
"TRT170227K23","TP.TRT170227K23.ORAN","True"
"TRT170227K49","TP.TRT170227K49.ORAN","False"
"TRT100227K12","TP.TRT100227K12.ORAN","False"
"TRT100227A14","TP.TRT100227A14.ORAN","False"
"TRT100227K38","TP.TRT100227K38.ORAN","False"
"TRT100227T13","TP.TRT100227T13.ORAN","False"
"TRT100227T21","TP.TRT100227T21.ORAN","False"
"TRT200127K29","TP.TRT200127K29.ORAN","False"
"TRT200127K45","TP.TRT200127K45.ORAN","False"
"TRT200127K52","TP.TRT200127K52.ORAN","False"
"TRT130127A12","TP.TRT130127A12.ORAN","False"
"TRT130127K28","TP.TRT130127K28.ORAN","False"
"TRT130127T11","TP.TRT130127T11.ORAN","False"
"TRT130127T29","TP.TRT130127T29.ORAN","False"
"TRT130127K36","TP.TRT130127K36.ORAN","False"
"TRT130127K44","TP.TRT130127K44.ORAN","False"
"TRT130127K51","TP.TRT130127K51.ORAN","False"
"TRT060127K19","TP.TRT060127K19.ORAN","False"
"TRT060127K27","TP.TRT060127K27.ORAN","False"
"TRT161226K15","TP.TRT161226K15.ORAN","False"
"TRT161226K49","TP.TRT161226K49.ORAN","True"
"TRT091226K14","TP.TRT091226K14.ORAN","False"
"TRT091226K22","TP.TRT091226K22.ORAN","True"
"TRT091226K30","TP.TRT091226K30.ORAN","False"
"TRT091226K48","TP.TRT091226K48.ORAN","False"
"TRT091226K55","TP.TRT091226K55.ORAN","False"
"TRT021226K29","TP.TRT021226K29.ORAN","False"
"TRT181126K14","TP.TRT181126K14.ORAN","False"
"TRT181126K22","TP.TRT181126K22.ORAN","False"
"TRT181126K30","TP.TRT181126K30.ORAN","False"
"TRT111126K11","TP.TRT111126K11.ORAN","False"
"TRT041126K10","TP.TRT041126K10.ORAN","False"
"TRT041126A12","TP.TRT041126A12.ORAN","False"
"TRT041126T11","TP.TRT041126T11.ORAN","False"
"TRT041126T29","TP.TRT041126T29.ORAN","False"
"TRT041126K28","TP.TRT041126K28.ORAN","False"
"TRT041126K36","TP.TRT041126K36.ORAN","False"
"TRT041126K51","TP.TRT041126K51.ORAN","False"
"TRT211026K10","TP.TRT211026K10.ORAN","False"
"TRT211026K36","TP.TRT211026K36.ORAN","False"
"TRT211026K44","TP.TRT211026K44.ORAN","False"
"TRT141026K19","TP.TRT141026K19.ORAN","True"
"TRT141026K27","TP.TRT141026K27.ORAN","False"
"TRT141026K35","TP.TRT141026K35.ORAN","False"
"TRT071026K18","TP.TRT071026K18.ORAN","False"
"TRT071026K26","TP.TRT071026K26.ORAN","False"
"TRT160926K10","TP.TRT160926K10.ORAN","False"
"TRT160926K28","TP.TRT160926K28.ORAN","False"
"TRT160926K36","TP.TRT160926K36.ORAN","False"
"TRT160926K51","TP.TRT160926K51.ORAN","False"
"TRT160926K69","TP.TRT160926K69.ORAN","False"
"TRT160926K77","TP.TRT160926K77.ORAN","False"
"TRT090926K19","TP.TRT090926K19.ORAN","False"
"TRT090926K27","TP.TRT090926K27.ORAN","False"
"TRT090926K35","TP.TRT090926K35.ORAN","False"
"TRT090926K43","TP.TRT090926K43.ORAN","False"
"TRT020926A18","TP.TRT020926A18.ORAN","False"
"TRT020926K16","TP.TRT020926K16.ORAN","False"
"TRT020926T17","TP.TRT020926T17.ORAN","False"
"TRT020926T25","TP.TRT020926T25.ORAN","False"
"TRT020926K24","TP.TRT020926K24.ORAN","True"
"TRT260826K19","TP.TRT260826K19.ORAN","False"
"TRT190826A10","TP.TRT190826A10.ORAN","False"
"TRT190826K18","TP.TRT190826K18.ORAN","False"
"TRT190826T19","TP.TRT190826T19.ORAN","False"
"TRT190826T27","TP.TRT190826T27.ORAN","True"
"TRT190826K34","TP.TRT190826K34.ORAN","False"
"TRT190826K59","TP.TRT190826K59.ORAN","False"
"TRT120826K15","TP.TRT120826K15.ORAN","False"
"TRT120826T16","TP.TRT120826T16.ORAN","True"
"TRT120826T24","TP.TRT120826T24.ORAN","False"
"TRT120826A17","TP.TRT120826A17.ORAN","False"
"TRT120826K31","TP.TRT120826K31.ORAN","False"
"TRT120826K49","TP.TRT120826K49.ORAN","False"
"TRT220726K22","TP.TRT220726K22.ORAN","False"
"TRT220726K48","TP.TRT220726K48.ORAN","False"
"TRT220726K55","TP.TRT220726K55.ORAN","False"
"TRT220726F11","TP.TRT220726F11.ORAN","True"
"TRT150726K21","TP.TRT150726K21.ORAN","False"
"TRT150726K39","TP.TRT150726K39.ORAN","False"
"TRT150726K47","TP.TRT150726K47.ORAN","False"
"TRT150726K54","TP.TRT150726K54.ORAN","False"
"TRT080726K12","TP.TRT080726K12.ORAN","False"
"TRT080726A14","TP.TRT080726A14.ORAN","False"
"TRT080726K20","TP.TRT080726K20.ORAN","True"
"TRT080726T13","TP.TRT080726T13.ORAN","False"
"TRT080726T21","TP.TRT080726T21.ORAN","False"
"TRT080726K38","TP.TRT080726K38.ORAN","False"
"TRT170626K12","TP.TRT170626K12.ORAN","False"
"TRT170626K46","TP.TRT170626K46.ORAN","False"
"TRT100626K19","TP.TRT100626K19.ORAN","False"
"TRT100626K27","TP.TRT100626K27.ORAN","False"
"TRT100626K35","TP.TRT100626K35.ORAN","False"
"TRT100626K43","TP.TRT100626K43.ORAN","False"
"TRT100626K50","TP.TRT100626K50.ORAN","False"
"TRT030626K26","TP.TRT030626K26.ORAN","True"
"TRT220526F13","TP.TRT220526F13.ORAN","False"
"TRT200526K18","TP.TRT200526K18.ORAN","False"
"TRT200526K26","TP.TRT200526K26.ORAN","False"
"TRT200526K34","TP.TRT200526K34.ORAN","False"
"TRT200526T19","TP.TRT200526T19.ORAN","False"
"TRT200526T27","TP.TRT200526T27.ORAN","False"
"TRT200526A10","TP.TRT200526A10.ORAN","False"
"TRT200526K42","TP.TRT200526K42.ORAN","False"
"TRT200526K59","TP.TRT200526K59.ORAN","False"
"TRT130526K17","TP.TRT130526K17.ORAN","False"
"TRT130526F14","TP.TRT130526F14.ORAN","False"
"TRT060526K16","TP.TRT060526K16.ORAN","False"
"TRT060526K24","TP.TRT060526K24.ORAN","False"
"TRT060526K32","TP.TRT060526K32.ORAN","False"
"TRT060526K57","TP.TRT060526K57.ORAN","False"
"TRT220426K17","TP.TRT220426K17.ORAN","False"
"TRT220426K33","TP.TRT220426K33.ORAN","False"
"TRT220426K41","TP.TRT220426K41.ORAN","False"
"TRT150426K16","TP.TRT150426K16.ORAN","False"
"TRT150426K24","TP.TRT150426K24.ORAN","False"
"TRT150426K32","TP.TRT150426K32.ORAN","False"
"TRT150426F13","TP.TRT150426F13.ORAN","False"
"TRT080426K15","TP.TRT080426K15.ORAN","False"
"TRT080426K23","TP.TRT080426K23.ORAN","False"
"TRT080426K31","TP.TRT080426K31.ORAN","False"
"TRT080426A17","TP.TRT080426A17.ORAN","False"
"TRT080426K49","TP.TRT080426K49.ORAN","False"
"TRT080426T16","TP.TRT080426T16.ORAN","False"
"TRT080426T24","TP.TRT080426T24.ORAN","False"
"TRT180326K14","TP.TRT180326K14.ORAN","False"
"TRT180326K22","TP.TRT180326K22.ORAN","False"
"TRT180326K30","TP.TRT180326K30.ORAN","False"
"TRT180326K55","TP.TRT180326K55.ORAN","False"
"TRT180326K63","TP.TRT180326K63.ORAN","False"
"TRT180326K71","TP.TRT180326K71.ORAN","False"
"TRT110326K11","TP.TRT110326K11.ORAN","False"
"TRT110326K29","TP.TRT110326K29.ORAN","False"
"TRT110326K37","TP.TRT110326K37.ORAN","False"
"TRT110326K45","TP.TRT110326K45.ORAN","False"
"TRT040326K10","TP.TRT040326K10.ORAN","False"
"TRT040326K28","TP.TRT040326K28.ORAN","False"
"TRT250226K16","TP.TRT250226K16.ORAN","False"
"TRT180226K15","TP.TRT180226K15.ORAN","False"
"TRT180226K31","TP.TRT180226K31.ORAN","False"
"TRT180226K49","TP.TRT180226K49.ORAN","False"
"TRT180226T16","TP.TRT180226T16.ORAN","False"
"TRT180226T24","TP.TRT180226T24.ORAN","False"
"TRT180226A17","TP.TRT180226A17.ORAN","False"
"TRT180226K56","TP.TRT180226K56.ORAN","False"
"TRT180226K72","TP.TRT180226K72.ORAN","False"
"TRT110226A14","TP.TRT110226A14.ORAN","False"
"TRT110226K12","TP.TRT110226K12.ORAN","False"
"TRT110226T13","TP.TRT110226T13.ORAN","False"
"TRT110226T21","TP.TRT110226T21.ORAN","False"
"TRT110226K20","TP.TRT110226K20.ORAN","False"
"TRT110226K46","TP.TRT110226K46.ORAN","False"
"TRT110226K53","TP.TRT110226K53.ORAN","False"
"TRT040226F18","TP.TRT040226F18.ORAN","False"
"TRT210126K29","TP.TRT210126K29.ORAN","False"
"TRT210126K45","TP.TRT210126K45.ORAN","False"
"TRT210126K52","TP.TRT210126K52.ORAN","False"
"TRT140126A12","TP.TRT140126A12.ORAN","False"
"TRT140126K10","TP.TRT140126K10.ORAN","False"
"TRT140126T11","TP.TRT140126T11.ORAN","False"
"TRT140126T29","TP.TRT140126T29.ORAN","False"
"TRT140126A20","TP.TRT140126A20.ORAN","False"
"TRT140126K36","TP.TRT140126K36.ORAN","False"
"TRT140126T37","TP.TRT140126T37.ORAN","False"
"TRT140126T45","TP.TRT140126T45.ORAN","False"
"TRT140126K44","TP.TRT140126K44.ORAN","False"
"TRT140126K51","TP.TRT140126K51.ORAN","False"
"TRT140126K69","TP.TRT140126K69.ORAN","False"
"TRT140126K77","TP.TRT140126K77.ORAN","False"
"TRT070126K19","TP.TRT070126K19.ORAN","False"
"TRT070126K27","TP.TRT070126K27.ORAN","False"
"TRT070126K35","TP.TRT070126K35.ORAN","False"
"TRT070126K43","TP.TRT070126K43.ORAN","False"
"TRT171225K15","TP.TRT171225K15.ORAN","False"
"TRT171225K49","TP.TRT171225K49.ORAN","False"
"TRT101225K12","TP.TRT101225K12.ORAN","False"
"TRT101225K20","TP.TRT101225K20.ORAN","False"
"TRT101225K38","TP.TRT101225K38.ORAN","False"
"TRT101225K46","TP.TRT101225K46.ORAN","False"
"TRT101225K53","TP.TRT101225K53.ORAN","False"
"TRT031225K29","TP.TRT031225K29.ORAN","False"
"TRT191125K14","TP.TRT191125K14.ORAN","False"
"TRT191125K22","TP.TRT191125K22.ORAN","False"
"TRT191125K30","TP.TRT191125K30.ORAN","False"
"TRT191125K48","TP.TRT191125K48.ORAN","False"
"TRT191125K55","TP.TRT191125K55.ORAN","False"
"TRT121125K11","TP.TRT121125K11.ORAN","False"
"TRT051125K10","TP.TRT051125K10.ORAN","False"
"TRT051125K28","TP.TRT051125K28.ORAN","False"
"TRT051125K36","TP.TRT051125K36.ORAN","False"
"TRT051125K51","TP.TRT051125K51.ORAN","False"
"TRT221025K10","TP.TRT221025K10.ORAN","False"
"TRT221025K36","TP.TRT221025K36.ORAN","False"
"TRT221025K44","TP.TRT221025K44.ORAN","False"
"TRT151025K19","TP.TRT151025K19.ORAN","False"
"TRT151025K27","TP.TRT151025K27.ORAN","False"
"TRT151025K35","TP.TRT151025K35.ORAN","False"
"TRT151025K43","TP.TRT151025K43.ORAN","False"
"TRT081025K18","TP.TRT081025K18.ORAN","False"
"TRT081025K26","TP.TRT081025K26.ORAN","False"
"TRT081025K34","TP.TRT081025K34.ORAN","False"
"TRT081025K42","TP.TRT081025K42.ORAN","False"
"TRT011025A17","TP.TRT011025A17.ORAN","False"
"TRT011025K15","TP.TRT011025K15.ORAN","False"
"TRT011025T16","TP.TRT011025T16.ORAN","False"
"TRT011025T24","TP.TRT011025T24.ORAN","False"
"TRT170925K10","TP.TRT170925K10.ORAN","False"
"TRT170925K28","TP.TRT170925K28.ORAN","False"
"TRT170925K36","TP.TRT170925K36.ORAN","False"
"TRT170925K51","TP.TRT170925K51.ORAN","False"
"TRT170925K69","TP.TRT170925K69.ORAN","False"
"TRT170925K77","TP.TRT170925K77.ORAN","False"
"TRT100925K17","TP.TRT100925K17.ORAN","False"
"TRT100925K25","TP.TRT100925K25.ORAN","False"
"TRT100925K33","TP.TRT100925K33.ORAN","False"
"TRT100925K41","TP.TRT100925K41.ORAN","False"
"TRT030925K16","TP.TRT030925K16.ORAN","False"
"TRT030925K24","TP.TRT030925K24.ORAN","False"
"TRT270825K19","TP.TRT270825K19.ORAN","False"
"TRT220825F11","TP.TRT220825F11.ORAN","False"
"TRT200825K16","TP.TRT200825K16.ORAN","False"
"TRT200825K32","TP.TRT200825K32.ORAN","False"
"TRT200825K40","TP.TRT200825K40.ORAN","False"
"TRT200825K57","TP.TRT200825K57.ORAN","False"
"TRT200825K73","TP.TRT200825K73.ORAN","False"
"TRT130825K15","TP.TRT130825K15.ORAN","False"
"TRT130825K23","TP.TRT130825K23.ORAN","False"
"TRT130825K49","TP.TRT130825K49.ORAN","False"
"TRT130825K56","TP.TRT130825K56.ORAN","False"
"TRT080825F19","TP.TRT080825F19.ORAN","False"
"TRT060825T15","TP.TRT060825T15.ORAN","False"
"TRT060825T23","TP.TRT060825T23.ORAN","False"
"TRT060825K22","TP.TRT060825K22.ORAN","False"
"TRT060825A16","TP.TRT060825A16.ORAN","False"
"TRT230725K22","TP.TRT230725K22.ORAN","False"
"TRT230725F11","TP.TRT230725F11.ORAN","False"
"TRT230725K48","TP.TRT230725K48.ORAN","False"
"TRT230725K55","TP.TRT230725K55.ORAN","False"
"TRT160725K13","TP.TRT160725K13.ORAN","False"
"TRT160725K39","TP.TRT160725K39.ORAN","False"
"TRT160725K47","TP.TRT160725K47.ORAN","False"
"TRT160725K54","TP.TRT160725K54.ORAN","False"
"TRT090725K12","TP.TRT090725K12.ORAN","False"
"TRT090725K20","TP.TRT090725K20.ORAN","False"
"TRT090725K38","TP.TRT090725K38.ORAN","False"
"TRT020725T10","TP.TRT020725T10.ORAN","False"
"TRT020725T28","TP.TRT020725T28.ORAN","False"
"TRT020725K27","TP.TRT020725K27.ORAN","False"
"TRT020725A11","TP.TRT020725A11.ORAN","False"
"TRT180625K20","TP.TRT180625K20.ORAN","False"
"TRT110625K19","TP.TRT110625K19.ORAN","False"
"TRT110625K27","TP.TRT110625K27.ORAN","False"
"TRT110625K35","TP.TRT110625K35.ORAN","False"
"TRT110625K43","TP.TRT110625K43.ORAN","False"
"TRT110625K50","TP.TRT110625K50.ORAN","False"
"TRT040625K26","TP.TRT040625K26.ORAN","False"
"TRT210525K18","TP.TRT210525K18.ORAN","False"
"TRT210525K26","TP.TRT210525K26.ORAN","False"
"TRT210525K34","TP.TRT210525K34.ORAN","False"
"TRT210525K42","TP.TRT210525K42.ORAN","False"
"TRT210525K59","TP.TRT210525K59.ORAN","False"
"TRT140525K17","TP.TRT140525K17.ORAN","False"
"TRT070525K16","TP.TRT070525K16.ORAN","False"
"TRT070525K24","TP.TRT070525K24.ORAN","False"
"TRT070525K32","TP.TRT070525K32.ORAN","False"
"TRT230425K17","TP.TRT230425K17.ORAN","False"
"TRT230425K33","TP.TRT230425K33.ORAN","False"
"TRT230425K41","TP.TRT230425K41.ORAN","False"
"TRT160425A18","TP.TRT160425A18.ORAN","False"
"TRT160425K16","TP.TRT160425K16.ORAN","False"
"TRT160425T17","TP.TRT160425T17.ORAN","False"
"TRT160425T25","TP.TRT160425T25.ORAN","False"
"TRT160425K32","TP.TRT160425K32.ORAN","False"
"TRT160425K40","TP.TRT160425K40.ORAN","False"
"TRT160425K57","TP.TRT160425K57.ORAN","False"
"TRT160425K65","TP.TRT160425K65.ORAN","False"
"TRT090425K15","TP.TRT090425K15.ORAN","False"
"TRT090425K23","TP.TRT090425K23.ORAN","False"
"TRT090425K31","TP.TRT090425K31.ORAN","False"
"TRT020425K12","TP.TRT020425K12.ORAN","False"
"TRT190325K14","TP.TRT190325K14.ORAN","False"
"TRT190325K22","TP.TRT190325K22.ORAN","False"
"TRT190325K30","TP.TRT190325K30.ORAN","False"
"TRT190325K55","TP.TRT190325K55.ORAN","False"
"TRT120325A13","TP.TRT120325A13.ORAN","False"
"TRT120325K11","TP.TRT120325K11.ORAN","False"
"TRT120325T12","TP.TRT120325T12.ORAN","False"
"TRT120325T20","TP.TRT120325T20.ORAN","False"
"TRT120325K29","TP.TRT120325K29.ORAN","False"
"TRT120325K37","TP.TRT120325K37.ORAN","False"
"TRT120325K45","TP.TRT120325K45.ORAN","False"
"TRT050325K10","TP.TRT050325K10.ORAN","False"
"TRT050325K28","TP.TRT050325K28.ORAN","False"
"TRT260225K16","TP.TRT260225K16.ORAN","False"
"TRT190225K15","TP.TRT190225K15.ORAN","False"
"TRT190225K31","TP.TRT190225K31.ORAN","False"
"TRT190225K49","TP.TRT190225K49.ORAN","False"
"TRT190225K56","TP.TRT190225K56.ORAN","False"
"TRT190225K72","TP.TRT190225K72.ORAN","False"
"TRT120225K12","TP.TRT120225K12.ORAN","False"
"TRT120225K20","TP.TRT120225K20.ORAN","False"
"TRT120225K46","TP.TRT120225K46.ORAN","False"
"TRT050225K29","TP.TRT050225K29.ORAN","False"
"TRT220125K29","TP.TRT220125K29.ORAN","False"
"TRT220125K45","TP.TRT220125K45.ORAN","False"
"TRT220125K52","TP.TRT220125K52.ORAN","False"
"TRT150125K10","TP.TRT150125K10.ORAN","False"
"TRT150125K44","TP.TRT150125K44.ORAN","False"
"TRT150125K51","TP.TRT150125K51.ORAN","False"
"TRT150125K69","TP.TRT150125K69.ORAN","False"
"TRT080125K19","TP.TRT080125K19.ORAN","False"
"TRT080125K27","TP.TRT080125K27.ORAN","False"
"TRT010125K24","TP.TRT010125K24.ORAN","False"
"TRT181224K23","TP.TRT181224K23.ORAN","False"
"TRT111224K12","TP.TRT111224K12.ORAN","False"
"TRT111224K20","TP.TRT111224K20.ORAN","False"
"TRT111224K38","TP.TRT111224K38.ORAN","False"
"TRT041224T12","TP.TRT041224T12.ORAN","False"
"TRT041224T20","TP.TRT041224T20.ORAN","False"
"TRT041224A13","TP.TRT041224A13.ORAN","False"
"TRT041224K29","TP.TRT041224K29.ORAN","False"
"TRT041224K37","TP.TRT041224K37.ORAN","False"
"TRT201124K12","TP.TRT201124K12.ORAN","False"
"TRT201124K20","TP.TRT201124K20.ORAN","False"
"TRT201124K38","TP.TRT201124K38.ORAN","False"
"TRT201124K46","TP.TRT201124K46.ORAN","False"
"TRT201124K53","TP.TRT201124K53.ORAN","False"
"TRT131124K11","TP.TRT131124K11.ORAN","False"
"TRT061124K28","TP.TRT061124K28.ORAN","False"
"TRT061124K36","TP.TRT061124K36.ORAN","False"
"TRT061124K44","TP.TRT061124K44.ORAN","False"
"TRT231024K10","TP.TRT231024K10.ORAN","False"
"TRT231024K36","TP.TRT231024K36.ORAN","False"
"TRT231024K44","TP.TRT231024K44.ORAN","False"
"TRT161024K19","TP.TRT161024K19.ORAN","False"
"TRT161024K35","TP.TRT161024K35.ORAN","False"
"TRT161024K43","TP.TRT161024K43.ORAN","False"
"TRT161024K50","TP.TRT161024K50.ORAN","False"
"TRT161024K68","TP.TRT161024K68.ORAN","False"
"TRT091024K18","TP.TRT091024K18.ORAN","False"
"TRT091024K26","TP.TRT091024K26.ORAN","False"
"TRT021024K15","TP.TRT021024K15.ORAN","False"
"TRT180924A12","TP.TRT180924A12.ORAN","False"
"TRT180924K10","TP.TRT180924K10.ORAN","False"
"TRT180924T11","TP.TRT180924T11.ORAN","False"
"TRT180924T29","TP.TRT180924T29.ORAN","False"
"TRT180924K28","TP.TRT180924K28.ORAN","False"
"TRT180924K36","TP.TRT180924K36.ORAN","False"
"TRT180924K44","TP.TRT180924K44.ORAN","False"
"TRT110924K17","TP.TRT110924K17.ORAN","False"
"TRT110924K25","TP.TRT110924K25.ORAN","False"
"TRT040924K16","TP.TRT040924K16.ORAN","False"
"TRT040924K24","TP.TRT040924K24.ORAN","False"
"TRT280824K19","TP.TRT280824K19.ORAN","False"
"TRT210824K16","TP.TRT210824K16.ORAN","False"
"TRT210824K32","TP.TRT210824K32.ORAN","False"
"TRT210824K40","TP.TRT210824K40.ORAN","False"
"TRT210824K57","TP.TRT210824K57.ORAN","False"
"TRT210824K73","TP.TRT210824K73.ORAN","False"
"TRT140824K15","TP.TRT140824K15.ORAN","False"
"TRT140824K23","TP.TRT140824K23.ORAN","False"
"TRT090824F19","TP.TRT090824F19.ORAN","False"
"TRT070824K22","TP.TRT070824K22.ORAN","False"
"TRT240724A16","TP.TRT240724A16.ORAN","False"
"TRT240724K14","TP.TRT240724K14.ORAN","False"
"TRT240724T15","TP.TRT240724T15.ORAN","False"
"TRT240724T23","TP.TRT240724T23.ORAN","False"
"TRT240724K30","TP.TRT240724K30.ORAN","False"
"TRT240724K55","TP.TRT240724K55.ORAN","False"
"TRT240724K63","TP.TRT240724K63.ORAN","False"
"TRT170724K13","TP.TRT170724K13.ORAN","False"
"TRT170724T14","TP.TRT170724T14.ORAN","False"
"TRT170724T22","TP.TRT170724T22.ORAN","False"
"TRT170724K47","TP.TRT170724K47.ORAN","False"
"TRT170724A15","TP.TRT170724A15.ORAN","False"
"TRT170724K54","TP.TRT170724K54.ORAN","False"
"TRT170724K62","TP.TRT170724K62.ORAN","False"
"TRT170724K70","TP.TRT170724K70.ORAN","False"
"TRT100724K10","TP.TRT100724K10.ORAN","False"
"TRT100724K28","TP.TRT100724K28.ORAN","False"
"TRT030724K27","TP.TRT030724K27.ORAN","False"
"TRT190624K20","TP.TRT190624K20.ORAN","False"
"TRT120624K19","TP.TRT120624K19.ORAN","False"
"TRT120624K27","TP.TRT120624K27.ORAN","False"
"TRT050624A10","TP.TRT050624A10.ORAN","False"
"TRT050624K18","TP.TRT050624K18.ORAN","False"
"TRT050624T19","TP.TRT050624T19.ORAN","False"
"TRT050624T27","TP.TRT050624T27.ORAN","False"
"TRT050624K42","TP.TRT050624K42.ORAN","False"
"TRT050624K59","TP.TRT050624K59.ORAN","False"
"TRT240524F13","TP.TRT240524F13.ORAN","False"
"TRT220524K18","TP.TRT220524K18.ORAN","False"
"TRT220524K26","TP.TRT220524K26.ORAN","False"
"TRT220524K34","TP.TRT220524K34.ORAN","False"
"TRT220524K42","TP.TRT220524K42.ORAN","False"
"TRT150524K17","TP.TRT150524K17.ORAN","False"
"TRT080524A18","TP.TRT080524A18.ORAN","False"
"TRT080524K16","TP.TRT080524K16.ORAN","False"
"TRT080524T17","TP.TRT080524T17.ORAN","False"
"TRT080524T25","TP.TRT080524T25.ORAN","False"
"TRT080524K32","TP.TRT080524K32.ORAN","False"
"TRT080524K40","TP.TRT080524K40.ORAN","False"
"TRT080524K57","TP.TRT080524K57.ORAN","False"
"TRT240424K17","TP.TRT240424K17.ORAN","False"
"TRT240424K33","TP.TRT240424K33.ORAN","False"
"TRT170424K16","TP.TRT170424K16.ORAN","False"
"TRT170424K32","TP.TRT170424K32.ORAN","False"
"TRT170424K40","TP.TRT170424K40.ORAN","False"
"TRT170424K57","TP.TRT170424K57.ORAN","False"
"TRT170424A18","TP.TRT170424A18.ORAN","False"
"TRT170424K65","TP.TRT170424K65.ORAN","False"
"TRT170424T17","TP.TRT170424T17.ORAN","False"
"TRT170424T25","TP.TRT170424T25.ORAN","False"
"TRT170424K73","TP.TRT170424K73.ORAN","False"
"TRT170424K81","TP.TRT170424K81.ORAN","False"
"TRT100424K13","TP.TRT100424K13.ORAN","False"
"TRT100424K21","TP.TRT100424K21.ORAN","False"
"TRT030424K12","TP.TRT030424K12.ORAN","False"
"TRT200324A14","TP.TRT200324A14.ORAN","False"
"TRT200324K12","TP.TRT200324K12.ORAN","False"
"TRT200324K20","TP.TRT200324K20.ORAN","False"
"TRT200324T13","TP.TRT200324T13.ORAN","False"
"TRT200324T21","TP.TRT200324T21.ORAN","False"
"TRT200324K38","TP.TRT200324K38.ORAN","False"
"TRT200324K46","TP.TRT200324K46.ORAN","False"
"TRT200324K53","TP.TRT200324K53.ORAN","False"
"TRT130324K11","TP.TRT130324K11.ORAN","False"
"TRT130324K29","TP.TRT130324K29.ORAN","False"
"TRT060324K10","TP.TRT060324K10.ORAN","False"
"TRT060324K28","TP.TRT060324K28.ORAN","False"
"TRT280224K15","TP.TRT280224K15.ORAN","False"
"TRT210224K12","TP.TRT210224K12.ORAN","False"
"TRT210224K38","TP.TRT210224K38.ORAN","False"
"TRT210224K46","TP.TRT210224K46.ORAN","False"
"TRT140224K11","TP.TRT140224K11.ORAN","False"
"TRT140224K29","TP.TRT140224K29.ORAN","False"
"TRT070224K28","TP.TRT070224K28.ORAN","False"
"TRT020224F12","TP.TRT020224F12.ORAN","False"
"TRT240124K10","TP.TRT240124K10.ORAN","False"
"TRT240124K36","TP.TRT240124K36.ORAN","False"
"TRT240124K51","TP.TRT240124K51.ORAN","False"
"TRT170124K19","TP.TRT170124K19.ORAN","False"
"TRT170124K43","TP.TRT170124K43.ORAN","False"
"TRT170124K50","TP.TRT170124K50.ORAN","False"
"TRT170124K68","TP.TRT170124K68.ORAN","False"
"TRT170124K76","TP.TRT170124K76.ORAN","False"
"TRT100124K16","TP.TRT100124K16.ORAN","False"
"TRT100124K32","TP.TRT100124K32.ORAN","False"
"TRT030124K23","TP.TRT030124K23.ORAN","False"
"TRT201223K20","TP.TRT201223K20.ORAN","False"
"TRT131223K11","TP.TRT131223K11.ORAN","False"
"TRT131223K29","TP.TRT131223K29.ORAN","False"
"TRT061223K10","TP.TRT061223K10.ORAN","False"
"TRT061223A12","TP.TRT061223A12.ORAN","False"
"TRT061223K44","TP.TRT061223K44.ORAN","False"
"TRT061223T11","TP.TRT061223T11.ORAN","False"
"TRT061223T29","TP.TRT061223T29.ORAN","False"
"TRT061223K51","TP.TRT061223K51.ORAN","False"
"TRT061223K69","TP.TRT061223K69.ORAN","False"
"TRT221123K11","TP.TRT221123K11.ORAN","False"
"TRT221123K29","TP.TRT221123K29.ORAN","False"
"TRT221123K37","TP.TRT221123K37.ORAN","False"
"TRT221123K45","TP.TRT221123K45.ORAN","False"
"TRT081123A11","TP.TRT081123A11.ORAN","False"
"TRT081123K19","TP.TRT081123K19.ORAN","False"
"TRT081123K27","TP.TRT081123K27.ORAN","False"
"TRT081123T10","TP.TRT081123T10.ORAN","False"
"TRT081123T28","TP.TRT081123T28.ORAN","False"
"TRT081123K43","TP.TRT081123K43.ORAN","False"
"TRT081123K50","TP.TRT081123K50.ORAN","False"
"TRT081123K68","TP.TRT081123K68.ORAN","False"
"TRT251023K19","TP.TRT251023K19.ORAN","False"
"TRT181023K18","TP.TRT181023K18.ORAN","False"
"TRT181023T19","TP.TRT181023T19.ORAN","False"
"TRT181023T27","TP.TRT181023T27.ORAN","False"
"TRT181023K26","TP.TRT181023K26.ORAN","False"
"TRT181023A10","TP.TRT181023A10.ORAN","False"
"TRT181023K42","TP.TRT181023K42.ORAN","False"
"TRT181023K59","TP.TRT181023K59.ORAN","False"
"TRT181023K67","TP.TRT181023K67.ORAN","False"
"TRT181023K75","TP.TRT181023K75.ORAN","False"
"TRT111023K15","TP.TRT111023K15.ORAN","False"
"TRT111023K23","TP.TRT111023K23.ORAN","False"
"TRT041023K14","TP.TRT041023K14.ORAN","False"
"TRT270923A12","TP.TRT270923A12.ORAN","False"
"TRT270923K10","TP.TRT270923K10.ORAN","False"
"TRT270923T11","TP.TRT270923T11.ORAN","False"
"TRT270923T29","TP.TRT270923T29.ORAN","False"
"TRT200923K17","TP.TRT200923K17.ORAN","False"
"TRT200923K25","TP.TRT200923K25.ORAN","False"
"TRT200923A19","TP.TRT200923A19.ORAN","False"
"TRT200923K33","TP.TRT200923K33.ORAN","False"
"TRT200923K41","TP.TRT200923K41.ORAN","False"
"TRT200923T18","TP.TRT200923T18.ORAN","False"
"TRT200923T26","TP.TRT200923T26.ORAN","False"
"TRT200923K58","TP.TRT200923K58.ORAN","False"
"TRT200923K66","TP.TRT200923K66.ORAN","False"
"TRT130923K16","TP.TRT130923K16.ORAN","False"
"TRT130923K24","TP.TRT130923K24.ORAN","False"
"TRT060923K15","TP.TRT060923K15.ORAN","False"
"TRT060923K23","TP.TRT060923K23.ORAN","False"
"TRT060923K31","TP.TRT060923K31.ORAN","False"
"TRT300823K16","TP.TRT300823K16.ORAN","False"
"TRT250823F10","TP.TRT250823F10.ORAN","False"
"TRT230823K15","TP.TRT230823K15.ORAN","False"
"TRT230823K31","TP.TRT230823K31.ORAN","False"
"TRT230823K49","TP.TRT230823K49.ORAN","False"
"TRT160823K14","TP.TRT160823K14.ORAN","False"
"TRT160823K22","TP.TRT160823K22.ORAN","False"
"TRT090823K21","TP.TRT090823K21.ORAN","False"
"TRT020823A12","TP.TRT020823A12.ORAN","False"
"TRT020823K10","TP.TRT020823K10.ORAN","False"
"TRT020823T11","TP.TRT020823T11.ORAN","False"
"TRT020823T29","TP.TRT020823T29.ORAN","False"
"TRT260723K13","TP.TRT260723K13.ORAN","False"
"TRT260723F10","TP.TRT260723F10.ORAN","False"
"TRT190723K12","TP.TRT190723K12.ORAN","False"
"TRT190723K46","TP.TRT190723K46.ORAN","False"
"TRT190723K53","TP.TRT190723K53.ORAN","False"
"TRT190723K61","TP.TRT190723K61.ORAN","False"
"TRT140723F14","TP.TRT140723F14.ORAN","False"
"TRT120723K19","TP.TRT120723K19.ORAN","False"
"TRT120723K35","TP.TRT120723K35.ORAN","False"
"TRT050723K26","TP.TRT050723K26.ORAN","False"
"TRT210623T10","TP.TRT210623T10.ORAN","False"
"TRT210623T28","TP.TRT210623T28.ORAN","False"
"TRT210623K19","TP.TRT210623K19.ORAN","False"
"TRT210623A11","TP.TRT210623A11.ORAN","False"
"TRT140623T19","TP.TRT140623T19.ORAN","False"
"TRT140623T27","TP.TRT140623T27.ORAN","False"
"TRT140623K18","TP.TRT140623K18.ORAN","False"
"TRT140623A10","TP.TRT140623A10.ORAN","False"
"TRT140623K26","TP.TRT140623K26.ORAN","False"
"TRT070623K17","TP.TRT070623K17.ORAN","False"
"TRT070623K41","TP.TRT070623K41.ORAN","False"
"TRT070623K58","TP.TRT070623K58.ORAN","False"
"TRT070623K66","TP.TRT070623K66.ORAN","False"
"TRT240523K17","TP.TRT240523K17.ORAN","False"
"TRT240523K25","TP.TRT240523K25.ORAN","False"
"TRT240523K33","TP.TRT240523K33.ORAN","False"
"TRT240523K41","TP.TRT240523K41.ORAN","False"
"TRT100523K13","TP.TRT100523K13.ORAN","False"
"TRT100523K21","TP.TRT100523K21.ORAN","False"
"TRT100523K47","TP.TRT100523K47.ORAN","False"
"TRT100523K54","TP.TRT100523K54.ORAN","False"
"TRT100523K62","TP.TRT100523K62.ORAN","False"
"TRT030523A14","TP.TRT030523A14.ORAN","False"
"TRT030523K12","TP.TRT030523K12.ORAN","False"
"TRT030523T13","TP.TRT030523T13.ORAN","False"
"TRT030523T21","TP.TRT030523T21.ORAN","False"
"TRT260423K16","TP.TRT260423K16.ORAN","False"
"TRT190423K15","TP.TRT190423K15.ORAN","False"
"TRT190423K23","TP.TRT190423K23.ORAN","False"
"TRT190423K49","TP.TRT190423K49.ORAN","False"
"TRT190423K56","TP.TRT190423K56.ORAN","False"
"TRT190423K64","TP.TRT190423K64.ORAN","False"
"TRT190423K72","TP.TRT190423K72.ORAN","False"
"TRT120423K12","TP.TRT120423K12.ORAN","False"
"TRT120423K20","TP.TRT120423K20.ORAN","False"
"TRT050423K11","TP.TRT050423K11.ORAN","False"
"TRT290323K14","TP.TRT290323K14.ORAN","False"
"TRT220323K11","TP.TRT220323K11.ORAN","False"
"TRT220323K29","TP.TRT220323K29.ORAN","False"
"TRT220323K37","TP.TRT220323K37.ORAN","False"
"TRT220323K45","TP.TRT220323K45.ORAN","False"
"TRT220323K52","TP.TRT220323K52.ORAN","False"
"TRT220323K60","TP.TRT220323K60.ORAN","False"
"TRT150323K10","TP.TRT150323K10.ORAN","False"
"TRT150323K28","TP.TRT150323K28.ORAN","False"
"TRT080323A11","TP.TRT080323A11.ORAN","False"
"TRT080323K19","TP.TRT080323K19.ORAN","False"
"TRT080323T10","TP.TRT080323T10.ORAN","False"
"TRT080323T28","TP.TRT080323T28.ORAN","False"
"TRT080323K27","TP.TRT080323K27.ORAN","False"
"TRT080323K35","TP.TRT080323K35.ORAN","False"
"TRT010323K16","TP.TRT010323K16.ORAN","False"
"TRT220223K12","TP.TRT220223K12.ORAN","False"
"TRT220223K38","TP.TRT220223K38.ORAN","False"
"TRT150223K11","TP.TRT150223K11.ORAN","False"
"TRT150223K29","TP.TRT150223K29.ORAN","False"
"TRT080223K28","TP.TRT080223K28.ORAN","False"
"TRT010223K17","TP.TRT010223K17.ORAN","False"
"TRT250123K10","TP.TRT250123K10.ORAN","False"
"TRT180123K19","TP.TRT180123K19.ORAN","False"
"TRT180123A11","TP.TRT180123A11.ORAN","False"
"TRT180123K27","TP.TRT180123K27.ORAN","False"
"TRT180123T10","TP.TRT180123T10.ORAN","False"
"TRT180123T28","TP.TRT180123T28.ORAN","False"
"TRT180123K50","TP.TRT180123K50.ORAN","False"
"TRT180123K68","TP.TRT180123K68.ORAN","False"
"TRT180123K76","TP.TRT180123K76.ORAN","False"
"TRT110123K16","TP.TRT110123K16.ORAN","False"
"TRT110123K32","TP.TRT110123K32.ORAN","False"
"TRT040123K23","TP.TRT040123K23.ORAN","False"
"TRT211222K12","TP.TRT211222K12.ORAN","False"
"TRT141222K11","TP.TRT141222K11.ORAN","False"
"TRT141222K29","TP.TRT141222K29.ORAN","False"
"TRT071222K10","TP.TRT071222K10.ORAN","False"
"TRT071222K44","TP.TRT071222K44.ORAN","False"
"TRT231122K11","TP.TRT231122K11.ORAN","False"
"TRT231122K29","TP.TRT231122K29.ORAN","False"
"TRT231122K37","TP.TRT231122K37.ORAN","False"
"TRT091122K19","TP.TRT091122K19.ORAN","False"
"TRT091122K27","TP.TRT091122K27.ORAN","False"
"TRT091122K43","TP.TRT091122K43.ORAN","False"
"TRT091122K50","TP.TRT091122K50.ORAN","False"
"TRT091122A11","TP.TRT091122A11.ORAN","False"
"TRT091122K68","TP.TRT091122K68.ORAN","False"
"TRT091122T10","TP.TRT091122T10.ORAN","False"
"TRT091122T28","TP.TRT091122T28.ORAN","False"
"TRT091122K76","TP.TRT091122K76.ORAN","False"
"TRT021122K16","TP.TRT021122K16.ORAN","False"
"TRT261022A11","TP.TRT261022A11.ORAN","False"
"TRT261022K19","TP.TRT261022K19.ORAN","False"
"TRT261022T10","TP.TRT261022T10.ORAN","False"
"TRT261022T28","TP.TRT261022T28.ORAN","False"
"TRT191022K18","TP.TRT191022K18.ORAN","False"
"TRT191022K26","TP.TRT191022K26.ORAN","False"
"TRT191022K42","TP.TRT191022K42.ORAN","False"
"TRT191022K59","TP.TRT191022K59.ORAN","False"
"TRT191022K67","TP.TRT191022K67.ORAN","False"
"TRT191022K75","TP.TRT191022K75.ORAN","False"
"TRT121022K15","TP.TRT121022K15.ORAN","False"
"TRT051022K14","TP.TRT051022K14.ORAN","False"
"TRT280922K10","TP.TRT280922K10.ORAN","False"
"TRT210922K17","TP.TRT210922K17.ORAN","False"
"TRT210922K25","TP.TRT210922K25.ORAN","False"
"TRT210922K33","TP.TRT210922K33.ORAN","False"
"TRT210922K41","TP.TRT210922K41.ORAN","False"
"TRT210922K58","TP.TRT210922K58.ORAN","False"
"TRT140922A18","TP.TRT140922A18.ORAN","False"
"TRT140922K16","TP.TRT140922K16.ORAN","False"
"TRT140922K24","TP.TRT140922K24.ORAN","False"
"TRT140922T17","TP.TRT140922T17.ORAN","False"
"TRT140922T25","TP.TRT140922T25.ORAN","False"
"TRT140922K32","TP.TRT140922K32.ORAN","False"
"TRT070922K15","TP.TRT070922K15.ORAN","False"
"TRT070922K23","TP.TRT070922K23.ORAN","False"
"TRT070922K31","TP.TRT070922K31.ORAN","False"
"TRT310822K16","TP.TRT310822K16.ORAN","False"
"TRT240822K15","TP.TRT240822K15.ORAN","False"
"TRT170822K14","TP.TRT170822K14.ORAN","False"
"TRT170822A16","TP.TRT170822A16.ORAN","False"
"TRT170822K22","TP.TRT170822K22.ORAN","False"
"TRT170822K30","TP.TRT170822K30.ORAN","False"
"TRT170822T15","TP.TRT170822T15.ORAN","False"
"TRT170822T23","TP.TRT170822T23.ORAN","False"
"TRT120822F16","TP.TRT120822F16.ORAN","False"
"TRT100822K29","TP.TRT100822K29.ORAN","False"
"TRT030822K10","TP.TRT030822K10.ORAN","False"
"TRT270722K13","TP.TRT270722K13.ORAN","False"
"TRT200722K10","TP.TRT200722K10.ORAN","False"
"TRT200722K28","TP.TRT200722K28.ORAN","False"
"TRT200722K51","TP.TRT200722K51.ORAN","False"
"TRT200722K69","TP.TRT200722K69.ORAN","False"
"TRT200722K77","TP.TRT200722K77.ORAN","False"
"TRT130722K19","TP.TRT130722K19.ORAN","False"
"TRT130722K35","TP.TRT130722K35.ORAN","False"
"TRT060722K26","TP.TRT060722K26.ORAN","False"
"TRT220622K19","TP.TRT220622K19.ORAN","False"
"TRT150622K18","TP.TRT150622K18.ORAN","False"
"TRT080622K17","TP.TRT080622K17.ORAN","False"
"TRT080622K41","TP.TRT080622K41.ORAN","False"
"TRT250522K17","TP.TRT250522K17.ORAN","False"
"TRT250522K25","TP.TRT250522K25.ORAN","False"
"TRT250522K33","TP.TRT250522K33.ORAN","False"
"TRT110522K13","TP.TRT110522K13.ORAN","False"
"TRT110522K21","TP.TRT110522K21.ORAN","False"
"TRT110522K47","TP.TRT110522K47.ORAN","False"
"TRT110522K54","TP.TRT110522K54.ORAN","False"
"TRT110522K62","TP.TRT110522K62.ORAN","False"
"TRT040522K12","TP.TRT040522K12.ORAN","False"
"TRT040522T13","TP.TRT040522T13.ORAN","False"
"TRT040522T21","TP.TRT040522T21.ORAN","False"
"TRT040522K20","TP.TRT040522K20.ORAN","False"
"TRT040522A14","TP.TRT040522A14.ORAN","False"
